"","faa","lat","lon","alt"
"1","04G",41.1304722,-80.6195833,1044
"2","06A",32.4605722,-85.6800278,264
"3","06C",41.9893408,-88.1012428,801
"4","06N",41.431912,-74.3915611,523
"5","09J",31.0744722,-81.4277778,11
"6","0A9",36.3712222,-82.1734167,1593
"7","0G6",41.4673056,-84.5067778,730
"8","0G7",42.8835647,-76.7812318,492
"9","0P2",39.7948244,-76.6471914,1000
"10","0S9",48.0538086,-122.8106436,108
"11","0W3",39.5668378,-76.2024028,409
"12","10C",42.4028889,-88.3751111,875
"13","17G",40.7815556,-82.9748056,1003
"14","19A",34.1758638,-83.5615972,951
"15","1A3",35.0158056,-84.3468333,1789
"16","1B9",42.0001331,-71.1967714,122
"17","1C9",54.0133333333333,-124.768333333333,152
"18","1CS",41.6959744,-88.1292306,670
"19","1G3",41.1513889,-81.4151111,1134
"20","1G4",35.899904,-113.815674,4813
"21","1H2",39.07,-88.534,585
"22","1OH",40.5553253,-84.3866186,885
"23","1RL",48.9797222,-123.0788889,10
"24","23M",32.0517,-88.4434,320
"25","24C",42.95392,-85.3439058,681
"26","24J",30.300125,-83.0246944,104
"27","25D",45.2477456,-92.9943853,925
"28","29D",41.1460278,-80.16775,1371
"29","2A0",35.48625,-84.9310833,718
"30","2B2",42.7953611,-70.8394444,11
"31","2G2",40.3602179,-80.7008742,1196
"32","2G9",40.0388708,-79.0149951,2275
"33","2H0",39.410556,-88.845556,550
"34","2J9",30.5978708,-84.557425,225
"35","369",60.866667,-162.273056,18
"36","36U",40.4818056,-111.4288056,5637
"37","38W",48.9558961,-122.4581183,106
"38","3D2",45.1354167,-87.1879444,773
"39","3G3",41.0031572,-81.7564401,974
"40","3G4",40.9029722,-82.2556389,1206
"41","3J1",32.4934167,-80.99175,79
"42","3W2",41.3521,-82.497,595
"43","40J",30.0692778,-83.5805833,44
"44","41N",41.2111675,-80.9692572,900
"45","47A",34.3122175,-84.4221556,1219
"46","49A",34.6282222,-84.5265833,1486
"47","49X",34.528889,-114.431971,638
"48","4A4",34.0186944,-85.1464722,974
"49","4A7",33.389099,-84.332397,874
"50","4A9",34.4736944,-85.7213889,877
"51","4B8",41.6893333,-72.8646944,202
"52","4G0",40.4526389,-79.7749167,1187
"53","4G2",42.7008925,-78.9147569,751
"54","4G4",40.9617953,-80.6773264,1070
"55","4I7",39.6335556,-86.8138056,842
"56","4U9",44.7357483,-112.7200133,6007
"57","52A",33.612125,-83.4604444,694
"58","54J",30.7311111,-86.1537778,289
"59","55J",30.6118333,-81.4611944,16
"60","55S",46.3625,-121.4067,1057
"61","57C",42.7971667,-88.3726111,860
"62","5B2",43.050722,-73.861638,433
"63","60J",33.9085056,-78.4366722,32
"64","6A2",33.2269722,-84.2749444,958
"65","6J4",33.5561,-81.4768,539
"66","6K8",63.329444,-142.953611,1639
"67","6S0",45.8063889,-109.9811111,4492
"68","6S2",43.9828168,-124.1113687,51
"69","6Y8",45.721111,-85.520278,664
"70","70J",30.8879767,-84.1547353,265
"71","70N",41.3473569,-75.4158972,1729
"72","7A4",42.4664444,-90.1693889,990
"73","7D9",41.7778322,-80.9039797,820
"74","7N7",39.7355633,-75.3977211,40
"75","8M8",44.8065278,-84.2761944,1218
"76","93C",43.2833575,-90.2982819,742
"77","99N",33.3045278,-81.1084167,231
"78","9A1",33.6323083,-83.8474472,809
"79","9A5",34.6884792,-85.2903319,777
"80","9G1",40.6035463,-79.8261189,1063
"81","A39",32.99169921875,-111.920997619629,1300
"82","A50",38.87,-104.41,6145
"83","AAF",29.7276066,-85.0274416,20
"84","AAP",29.43,-95.35,80
"85","ABE",40.652083,-75.440806,393
"86","ABI",32.411319,-99.681897,1791
"87","ABL",67.106389,-157.8575,334
"88","ABQ",35.0402222,-106.6091944,5355
"89","ABR",45.4491,-98.4218,1302
"90","ABY",31.5355,-84.1945,197
"91","ACJ",32.0665,-84.1133,468
"92","ACK",41.253053,-70.060181,48
"93","ACT",31.611289,-97.230519,516
"94","ACV",40.978111,-124.108611,221
"95","ACY",39.457583,-74.577167,75
"96","ADK",51.878,-176.646,18
"97","ADM",34.300833,-97.008889,762
"98","ADQ",57.749967,-152.493856,78
"99","ADS",32.9685594,-96.8364478,644
"100","ADW",38.810806,-76.867028,280
"101","AET",66.5519,-152.6222,441
"102","AEX",31.3274,-92.549833,89
"103","AFE",56.961389,-133.910278,172
"104","AFW",32.987778,-97.318889,722
"105","AGC",40.3544,-79.9302,1252
"106","AGN",57.503611,-134.585,0
"107","AGS",33.369944,-81.9645,144
"108","AHN",33.9486,-83.3263,808
"109","AIA",42.053333,-102.803889,3931
"110","AIK",33.6493889,-81.6850278,529
"111","AIN",70.638056,-159.994722,41
"112","AIZ",38.096035,-92.5494875,869
"113","AKB",52.220278,-174.206389,56
"114","AKC",41.0375,-81.466917,1067
"115","AKI",60.902778,-161.230556,30
"116","AKK",56.938611,-154.1825,44
"117","AKN",58.676778,-156.649278,68
"118","AKP",68.1336,-151.743,2103
"119","ALB",42.748267,-73.801692,285
"120","ALI",27.740889,-98.026944,178
"121","ALM",32.8399,-105.991,4200
"122","ALO",42.5571,-92.4003,873
"123","ALS",37.435,-105.866667,7539
"124","ALW",46.0949,-118.288,1191
"125","ALX",38.806346,-77.0621,1
"126","ALZ",56.899444,-154.247778,0
"127","AMA",35.219369,-101.705931,3607
"128","ANB",33.588167,-85.858111,612
"129","ANC",61.174361,-149.996361,152
"130","AND",34.494583,-82.709389,782
"131","ANI",61.5816,-159.543,88
"132","ANN",55.042436,-131.572233,119
"133","ANP",38.942778,-76.568333,34
"134","ANQ",41.6396983,-85.0834933,995
"135","ANV",62.6467,-160.191,309
"136","AOH",40.707478,-84.0270781,975
"137","AOO",40.296372,-78.320022,1504
"138","AOS",57.471389,-153.815278,0
"139","APA",39.570129,-104.849294,5883
"140","APC",38.2131944,-122.2806944,35
"141","APF",26.152619,-81.775294,8
"142","APG",39.466219,-76.168808,57
"143","APN",45.0781,-83.5603,689
"144","AQC",55.554658,-133.101693,0
"145","ARA",30.037758,-91.883896,24
"146","ARB",42.132274,-83.444418,839
"147","ARC",68.1147,-145.579,2092
"148","ART",43.991922,-76.021739,325
"149","ARV",45.927778,-89.730833,1629
"150","ASE",39.2232,-106.869,7820
"151","ASH",42.78175,-71.5147778,199
"152","AST",46.157972,-123.878694,15
"153","ATK",70.4673,-157.436,96
"154","ATL",33.636719,-84.428067,1026
"155","ATT",30.31666,-97.7666,0
"156","ATW",44.257526,-88.507576,680
"157","ATY",44.914,-97.1547,1748
"158","AUG",44.320647,-69.797317,352
"159","AUK",62.68,-164.66,10
"160","AUO",32.3691,-85.2604,777
"161","AUS",30.194528,-97.669889,542
"162","AUW",44.9262845,-89.6270018,1201
"163","AVL",35.436194,-82.541806,2165
"164","AVO",27.591389,-81.528889,160
"165","AVP",41.338478,-75.723403,962
"166","AVW",32.409556,-111.218388,2031
"167","AVX",33.405,-118.415833,1602
"168","AZA",33.307833,-111.655,1382
"169","AZO",42.234875,-85.552058,874
"170","BAB",39.136089,-121.436567,113
"171","BAD",32.50182,-93.662674,166
"172","BAF",42.1579472,-72.715875,270
"173","BBX",40.1375,-75.265,302
"174","BCE",37.706444,-112.145806,7590
"175","BCT",26.3785,-80.107694,13
"176","BDE",48.728444,-94.612222,1086
"177","BDL",41.938889,-72.683222,173
"178","BDR",41.163472,-73.126167,9
"179","BEC",37.6939167,-97.2149167,1409
"180","BED",42.469953,-71.289031,133
"181","BEH",42.1285833,-86.4285,643
"182","BET",60.779778,-161.838,121
"183","BFD",41.8031,-78.6401,2143
"184","BFF",41.874,-103.596,3967
"185","BFI",47.53,-122.301947,21
"186","BFL",35.433598,-119.05677,507
"187","BFM",30.626783,-88.068092,26
"188","BFP",40.7724722,-80.3914444,1253
"189","BFT",32.477411,-80.723161,37
"190","BGE",30.9715981,-84.6369278,141
"191","BGM",42.208689,-75.979839,1636
"192","BGR",44.807444,-68.828139,192
"193","BHB",44.4497689,-68.3615653,83
"194","BHM",33.562942,-86.75355,644
"195","BID",41.168056,-71.577778,108
"196","BIF",31.849528,-106.380039,3948
"197","BIG",63.994547,-145.721642,1291
"198","BIL",45.80921,-108.537654,3652
"199","BIS",46.775842,-100.757931,1661
"200","BIV",42.7427778,-86.1078333,698
"201","BIX",30.410425,-88.924433,33
"202","BJC",39.90888888,-105.11722222,5670
"203","BJI",47.510722,-94.934722,1391
"204","BKC",65.981667,-161.149167,31
"205","BKD",32.719047,-98.891,1284
"206","BKF",39.701668,-104.75166,5662
"207","BKG",36.531994,-93.200556,1302
"208","BKH",22.022833,-159.785,23
"209","BKL",41.5175,-81.683333,583
"210","BKW",37.7873,-81.1242,2504
"211","BKX",44.3048,-96.8169,1648
"212","BLD",35.5651,-114.514,2201
"213","BLF",37.2958,-81.2077,2857
"214","BLH",33.619167,-114.716889,399
"215","BLI",48.792694,-122.537528,170
"216","BLV",38.545178,-89.835183,459
"217","BMC",41.552,-112.062,4229
"218","BMG",39.1460208,-86.6166805,846
"219","BMI",40.477111,-88.915917,871
"220","BMT",30.0702044,-94.2150967,32
"221","BMX",59.361247,-155.258822,663
"222","BNA",36.124472,-86.678194,599
"223","BOI",43.564361,-116.222861,2871
"224","BOS",42.364347,-71.005181,19
"225","BOW",27.9434,-81.7834,125
"226","BPT",29.950833,-94.020694,15
"227","BQK",31.2588,-81.4665,26
"228","BRD",46.398308,-94.138078,1226
"229","BRL",40.7832,-91.1255,698
"230","BRO",25.906833,-97.425861,22
"231","BRW",71.285446,-156.766003,44
"232","BSF",19.760056,-155.553717,6190
"233","BTI",70.133989,-143.581867,2
"234","BTM",45.954806,-112.497472,5550
"235","BTR",30.533167,-91.149639,70
"236","BTT",66.913944,-151.529056,644
"237","BTV",44.471861,-73.153278,335
"238","BUF",42.940525,-78.732167,724
"239","BUR",34.200667,-118.358667,778
"240","BUU",42.6907171,-88.3046825,780
"241","BUY",36.0485433,-79.4748892,617
"242","BVY",42.584141,-70.9161444,107
"243","BWD",31.7936111,-98.9565,1387
"244","BWG",36.9645278,-86.4196667,547
"245","BWI",39.175361,-76.668333,146
"246","BXK",33.420417,-112.68618,1033
"247","BXS",33.2590278,-116.3209722,520
"248","BYH",35.964347,-89.943956,254
"249","BYS",35.280531,-116.630031,2350
"250","BYW",48.56025,-122.80243,0
"251","BZN",45.777643,-111.160151,4500
"252","C02",42.6149167,-88.3895833,835
"253","C16",40.144979,-88.200197,735
"254","C47",43.5603136,-89.4828607,825
"255","C65",41.3651307,-86.3002574,800
"256","C89",42.70325,-87.9589722,785
"257","C91",41.9929342,-86.1280125,748
"258","CAE",33.938833,-81.119528,236
"259","CAK",40.9160833,-81.4421944,1228
"260","CAR",46.8715,-68.017917,626
"261","CBE",39.615278,-78.760556,775
"262","CBM",33.643833,-88.443833,219
"263","CCO",33.3115656,-84.7697554,970
"264","CCR",37.9896667,-122.0568889,26
"265","CDB",55.206061,-162.725436,96
"266","CDC",37.700967,-113.098847,5622
"267","CDI",39.9750278,-81.5775833,799
"268","CDK",29.1342222,-83.0504722,11
"269","CDN",34.2835833,-80.5648611,302
"270","CDR",42.8375,-103.095556,3297
"271","CDS",34.433781,-100.287992,1954
"272","CDV",60.491778,-145.477556,48
"273","CDW",40.8752222,-74.2813611,172
"274","CEC",41.7802,-124.237,57
"275","CEF",42.194014,-72.534783,241
"276","CEM",65.573889,-144.780833,937
"277","CEU",34.6722222,-82.8858889,891
"278","CEW",30.778833,-86.522111,213
"279","CEZ",37.303,-108.628056,5918
"280","CFD",30.715694,-96.331361,367
"281","CGA",55.478889,-133.147778,0
"282","CGC",28.8676111,-82.5741111,9
"283","CGF",41.565124,-81.4863555,879
"284","CGI",37.2253,-89.5708,342
"285","CGX",41.860278,-87.609722,585
"286","CGZ",32.954889,-111.766832,1464
"287","CHA",35.035278,-85.203808,683
"288","CHI",41.883611,-87.631667,596
"289","CHO",38.138639,-78.452861,639
"290","CHS",32.898647,-80.040528,45
"291","CHU",61.579167,-159.215556,243
"292","CIC",39.795383,-121.858422,238
"293","CID",41.884694,-91.710806,869
"294","CIK",66.645,-143.74,544
"295","CIL",64.897778,-163.703333,85
"296","CIU",46.2508,-84.4724,800
"297","CKB",39.2966,-80.2281,1217
"298","CKD",61.867778,-158.135,178
"299","CKF",31.9888333,-83.7739167,310
"300","CKV",36.621944,-87.415,550
"301","CLC",29.5569,-95.137497,35
"302","CLD",33.0742,-117.1648,328
"303","CLE",41.411689,-81.849794,791
"304","CLL",30.588583,-96.363833,321
"305","CLM",48.1202,-123.5,291
"306","CLS",46.4062,-122.5897,177
"307","CLT",35.214,-80.943139,748
"308","CLW",27.9764722,-82.7586667,70
"309","CMH",39.997972,-82.891889,815
"310","CMI",40.03925,-88.278056,754
"311","CMX",47.1684,-88.4891,1095
"312","CNM",32.337472,-104.263278,3295
"313","CNW",31.637831,-97.074139,470
"314","CNY",38.755,-109.754722,4555
"315","COD",44.520194,-109.023806,5102
"316","COE",47.7743056,-116.8195833,2320
"317","COF",28.234922,-80.610125,8
"318","COI",28.3416111,-80.6854722,6
"319","CON",43.20267,-71.50233,342
"320","COS",38.805805,-104.700778,6187
"321","COT",28.456694,-99.220294,474
"322","COU",38.818094,-92.219631,889
"323","CPR",42.908,-106.464417,5347
"324","CPS",38.5707244,-90.1562211,413
"325","CRE",33.81175,-78.7239444,31
"326","CRP",27.770361,-97.501222,44
"327","CRW",38.373147,-81.593189,981
"328","CSG",32.5163333,-84.9388611,397
"329","CTB",48.608353,-112.376144,3854
"330","CTH",39.9789,-75.8654,660
"331","CTJ",33.6316964,-85.1522641,1165
"332","CTY",29.6355278,-83.10475,42
"333","CVG",39.048836,-84.667822,896
"334","CVN",34.425139,-103.079278,4216
"335","CVO",44.5067,-123.2915,250
"336","CVS",34.382775,-103.322147,4295
"337","CVX",45.3047778,-85.2753333,669
"338","CWA",44.772726,-89.646635,840
"339","CWI",41.83075,-90.3289722,708
"340","CWT",34.256944,-118.598889,978
"341","CXF",67.251389,-150.176111,1014
"342","CXL",32.669502,-115.51333,4
"343","CXO",30.351833,-95.414467,245
"344","CXY",40.2171389,-76.8513611,347
"345","CYF",60.149167,-164.285556,40
"346","CYM",57.515,-134.946111,0
"347","CYS",41.155722,-104.811839,6156
"348","CYT",60.081901,-142.493611,12
"349","CZF",61.780297,-166.038747,457
"350","CZG",42.0471,-76.0578,833
"351","CZN",62.071111,-142.048333,1011
"352","DAB",29.179917,-81.058056,34
"353","DAL",32.847111,-96.851778,487
"354","DAW",43.2840556,-70.9292778,321
"355","DAY",39.902375,-84.219375,1009
"356","DBN",32.3388,-82.591,311
"357","DBQ",42.402,-90.709472,1076
"358","DCA",38.852083,-77.037722,15
"359","DDC",37.7634,-99.9656,2594
"360","DEC",39.834564,-88.865689,682
"361","DEN",39.861656,-104.673178,5431
"362","DET",42.409195,-83.009861,626
"363","DFW",32.896828,-97.037997,607
"364","DGL",31.3426028,-109.5064544,4173
"365","DHB",48.618397,-123.00596,0
"366","DHN",31.321339,-85.449628,401
"367","DHT",36.022586,-102.547278,3991
"368","DIK",46.7975,-102.801944,2592
"369","DKB",41.9338342,-88.7056864,914
"370","DKK",42.4933353,-79.2720417,693
"371","DKX",35.9638333,-83.8736667,833
"372","DLF",29.359486,-100.777975,1082
"373","DLG",59.044667,-158.5055,74
"374","DLH",46.842091,-92.193649,1428
"375","DLL",43.5217843,-89.7709266,979
"376","DMA",32.166467,-110.883144,2704
"377","DNL",33.4665028,-82.0393808,423
"378","DNN",34.7229444,-84.87025,709
"379","DNV",40.1996944,-87.5955278,696
"380","DOV",39.129539,-75.465958,28
"381","DPA",41.907778,-88.248611,758
"382","DQH",31.4767385,-82.8605664,257
"383","DRG",66.0696,-162.766,21
"384","DRI",30.831722,-93.339917,202
"385","DRM",46.0093114,-83.7439342,668
"386","DRO",37.151516,-107.75377,6685
"387","DRT",29.374208,-100.927158,1002
"388","DSM",41.533972,-93.663083,958
"389","DTA",39.3806386,-112.5077147,4759
"390","DTS",30.4000611,-86.4714772,23
"391","DTW",42.212444,-83.353389,645
"392","DUC",34.4713056,-97.9598611,1114
"393","DUG",31.469028,-109.603667,4154
"394","DUJ",41.1783,-78.8987,1817
"395","DUT",53.900139,-166.5435,22
"396","DVL",48.114444,-98.908611,1445
"397","DVT",33.4117,112.457,1478
"398","DWA",38.5793889,-121.8569444,100
"399","DWH",30.063746,-95.554276,152
"400","DWS",28.398,-81.57,340
"401","DXR",41.3715353,-73.4821906,458
"402","DYS",32.420756,-99.8546,1789
"403","E25",33.96889877,-112.7990036,2377
"404","E51",34.5958528,-113.170195,4183
"405","E55",38.8016111,-123.5306389,940
"406","E63",32.960169,-112.673636,789
"407","E91",36.1108806,-109.5754222,5547
"408","EAA",64.778056,-141.149722,908
"409","EAR",40.727,-99.0068,2131
"410","EAT",47.398,-120.206,1249
"411","EAU",44.8658,-91.4843,913
"412","ECA",44.311,-83.422,606
"413","ECG",36.260581,-76.174572,12
"414","ECP",30.3417,-85.7973,69
"415","EDF",61.250986,-149.806503,212
"416","EDW",34.905417,-117.883739,2302
"417","EEK",60.213611,-162.043889,15
"418","EEN",72.270833,42.898333,149
"419","EET",33.1777778,-86.7832222,586
"420","EFD",29.607333,-95.15875,32
"421","EGA",39.6427611,-106.9159347,6548
"422","EGE",39.642556,-106.917694,6540
"423","EGT",37.39411,-97.423225,1277
"424","EGV",45.932333,-89.268283,1642
"425","EGX",58.185556,-157.375556,92
"426","EHM",58.646428,-162.062778,541
"427","EIL",64.665667,-147.1015,548
"428","EKI",41.719444,-86.003333,778
"429","EKN",38.889444,-79.857139,1987
"430","EKO",40.8249,-115.792,5140
"431","EKY",33.1876,-86.5558,700
"432","ELD",33.220972,-92.813278,277
"433","ELI",64.615,-162.270556,162
"434","ELM",42.159889,-76.891611,954
"435","ELP",31.80725,-106.377583,3958
"436","ELV",58.195278,-136.3475,0
"437","ELY",39.299722,-114.841944,6259
"438","EMK",62.786111,-164.490833,13
"439","EMP",38.3321,-96.1912,1208
"440","ENA",60.573111,-151.245,99
"441","END",36.339167,-97.9165,1307
"442","ENV",40.718694,-114.030889,4237
"443","ENW",42.5956944,-87.9278056,742
"444","EOK",40.4599078,-91.4285011,671
"445","EPM",44.9101111,-67.0126944,45
"446","EQY",35.01833,-80.62001,679
"447","ERI",42.082022,-80.176217,733
"448","ERV",29.9766667,-99.0854722,1617
"449","ERY",46.311199,-85.457298,869
"450","ESC",45.722778,-87.093611,609
"451","ESD",48.708056,-122.910556,31
"452","ESF",31.394903,-92.295772,112
"453","ESN",38.8041667,-76.069,72
"454","EUF",31.5708,-85.0774,285
"455","EUG",44.124583,-123.211972,374
"456","EVV",38.036997,-87.532364,418
"457","EVW",41.1649,-111.0208,7143
"458","EWB",41.6761,-70.9569,80
"459","EWK",38.0570785,-97.2752278,1533
"460","EWN",35.072972,-77.042944,18
"461","EWR",40.6925,-74.168667,18
"462","EXI",58.420556,-135.449167,0
"463","EYW",24.556111,-81.759556,3
"464","F57",28.0575,-81.7628056,140
"465","FAF",37.1325,-76.608841,12
"466","FAI",64.815114,-147.856267,434
"467","FAR",46.92065,-96.8157639,902
"468","FAT",36.776194,-119.71814,336
"469","FAY",34.9912,-78.8803,189
"470","FBG",38.298416,-77.456875,130
"471","FBK",64.8375,-147.614444,454
"472","FBR",41.236,-110.2436,7038
"473","FBS",48.537222,-123.009722,0
"474","FCA",48.310472,-114.256,2977
"475","FCM",44.4938,-93.2726,906
"476","FCS",38.678394,-104.756581,5838
"477","FDW",34.315472,-81.108806,577
"478","FDY",41.0120278,-83.6686111,819
"479","FFA",36.02,-75.67,13
"480","FFC",33.35725,-84.5718333,808
"481","FFO",39.826111,-84.048332,823
"482","FFT",38.1819722,-84.9061389,812
"483","FFZ",33.4608001708984,-111.727996826172,1394
"484","FHU",31.588472,-110.344389,4719
"485","FIT",42.5541111,-71.7589722,348
"486","FKL",41.377874,-79.860362,1540
"487","FLD",43.7711667,-88.4884167,808
"488","FLG",35.140318,-111.6692392,7015
"489","FLL",26.072583,-80.15275,9
"490","FLO",34.185361,-79.723889,146
"491","FLV",39.368332,-94.914686,772
"492","FME",39.085386,-76.759414,150
"493","FMH",41.658439,-70.521417,131
"494","FMN",36.74125,-108.229944,5506
"495","FMY",26.586611,-81.86325,17
"496","FNL",40.451828,-105.011336,5016
"497","FNR",58.254444,-134.897778,0
"498","FNT",42.965424,-83.743629,782
"499","FOD",42.5512,-94.191842,1157
"500","FOE",38.950944,-95.663611,1078
"501","FOK",40.843656,-72.631789,67
"502","FRD",48.521944,-123.024444,113
"503","FRI",39.055275,-96.764453,1063
"504","FRN",61.266381,-149.653119,378
"505","FRP",27.497472,-80.372638,23
"506","FSD",43.582014,-96.741914,1429
"507","FSI",34.649833,-98.402167,1189
"508","FSM",35.336583,-94.367444,469
"509","FST",30.915667,-102.916139,3011
"510","FTK",37.907058,-85.972106,756
"511","FTW",32.819778,-97.362444,710
"512","FTY",33.7791,-84.5214,841
"513","FUL",33.521925,-117.584722,96
"514","FWA",40.978472,-85.195139,815
"515","FXE",26.197281,-80.170706,13
"516","FYU",66.571492,-145.250417,433
"517","FYV",36.005094,-94.170059,1251
"518","FZG",31.6839046,-83.2709036,365
"519","FZI",41.1908333,-83.3930833,752
"520","GAD",33.9726489,-86.0890834,569
"521","GAI",39.1006,-77.09576,0
"522","GAL",64.736178,-156.937417,152
"523","GAM",63.7668,-171.733,27
"524","GBN",38.344167,-98.859167,1887
"525","GCC",44.3489167,-105.5393611,4365
"526","GCK",37.927528,-100.724417,2891
"527","GCN",35.9523611,-112.1469722,6609
"528","GCW",35.5925,-113.4859,4825
"529","GDV",47.138611,-104.807222,749
"530","GDW",43.9705893,-84.47502,774
"531","GED",38.689194,-75.358889,50
"532","GEG",47.619861,-117.533833,2376
"533","GEU",33.5269167,-112.2951389,1071
"534","GFK",47.949256,-97.176111,845
"535","GFL",43.341222,-73.610305,328
"536","GGE",33.3114018,-79.3203139,40
"537","GGG",32.384014,-94.711486,365
"538","GGW",48.2125,-106.615,2296
"539","GHG",42.09825,-70.6721389,9
"540","GIF",28.062778,-81.753333,145
"541","GJT",39.122413,-108.526735,4858
"542","GKN",62.154888,-145.456639,1580
"543","GKY",32.6638611,-97.0942778,628
"544","GLD",39.370621,-101.698992,3656
"545","GLH",33.4829,-90.9856,131
"546","GLS",29.265322,-94.860406,6
"547","GLV",64.550556,-163.007222,59
"548","GNT",35.167286,-107.901989,6537
"549","GNU",59.1175,-161.5775,15
"550","GNV",29.690056,-82.271778,152
"551","GON",41.330056,-72.045139,9
"552","GPT",30.407278,-89.070111,28
"553","GPZ",47.211111,-93.509722,413
"554","GQQ",40.7533889,-82.7238056,1224
"555","GRB",44.485072,-88.129589,695
"556","GRF",47.079217,-122.580783,302
"557","GRI",40.9675,-98.3096,1847
"558","GRK",31.06725,-97.828917,1015
"559","GRM",47.8383333,-90.3829444,1799
"560","GRR",42.880833,-85.522806,794
"561","GSB",35.339383,-77.960589,110
"562","GSO",36.09775,-79.937306,925
"563","GSP",34.895556,-82.218889,964
"564","GST",58.4253,-135.707,34
"565","GTB",44.055619,-75.719458,690
"566","GTF",47.482,-111.370689,3677
"567","GTR",33.450333,-88.591361,264
"568","GTU",30.678809,-97.6793837,790
"569","GUC",38.533889,-106.933056,7678
"570","GUP",35.511058,-108.789308,6472
"571","GUS",40.648094,-86.152119,812
"572","GVL",34.272627,-83.8302233,1276
"573","GVQ",43.03175,-78.1696667,914
"574","GVT",33.067839,-96.065333,535
"575","GWO",33.494328,-90.084706,162
"576","GYY",41.6163,-87.4128,591
"577","HBG",31.2649444,-89.2528889,151
"578","HBR",34.991308,-99.051353,1564
"579","HCC",42.2913,-73.7103,198
"580","HCR",62.1883,-159.775,70
"581","HDH",21.579475,-158.197281,14
"582","HDI",35.2199994,-84.832369,874
"583","HDN",40.481181,-107.21766,6602
"584","HDO",29.3591,-99.1775,930
"585","HFD",41.736722,-72.649444,18
"586","HGR",39.7079,-77.7295,704
"587","HHH",32.216,-80.752,10
"588","HHI",21.4835,-158.039667,837
"589","HHR",33.922839,-118.335186,66
"590","HIB",47.3866,-92.838994,1353
"591","HIF",41.123939,-111.973039,4789
"592","HII",34.5711111,-114.3582778,783
"593","HIO",45.540394,-122.949825,204
"594","HKB",63.8675,-148.968889,1263
"595","HKY",35.741147,-81.38955,1189
"596","HLG",40.175,-80.6463,1195
"597","HLN",46.606806,-111.98275,3877
"598","HLR",31.138731,-97.714469,924
"599","HMN",32.852519,-106.106525,4093
"600","HNH",58.096111,-135.409722,19
"601","HNL",21.318681,-157.922428,13
"602","HNM",20.795636,-156.014439,78
"603","HNS",59.2438,-135.524,15
"604","HOB",32.687528,-103.217028,3661
"605","HOM",59.645556,-151.476583,84
"606","HON",44.3852,-98.228542,1289
"607","HOP",36.668567,-87.496183,573
"608","HOT",34.478,-93.0962,540
"609","HOU",29.645419,-95.278889,46
"610","HPB",61.5239,-166.147,7
"611","HPN",41.066959,-73.707575,439
"612","HQM",46.9711944,-123.9365556,18
"613","HQU",33.5297315,-82.5169509,501
"614","HRL",26.2285,-97.654389,36
"615","HRO",36.261519,-93.154728,1365
"616","HRT",30.427803,-86.689278,38
"617","HSH",35.972778,-115.134444,1881
"618","HSL",65.697778,-156.351389,213
"619","HST",25.48855,-80.383567,6
"620","HSV",34.6371944,-86.7750556,629
"621","HTL",44.359806,-84.671112,1150
"622","HTS",38.3667,-82.558,828
"623","HUA",34.678653,-86.684781,685
"624","HUF",39.451464,-87.307561,589
"625","HUL",46.123083,-67.792056,489
"626","HUS",66.039167,-154.264722,299
"627","HUT",38.0655,-97.8606,1543
"628","HVN",41.26375,-72.886806,14
"629","HVR",48.542983,-109.762342,2590
"630","HWD",37.6588888888889,-122.121666666667,52
"631","HWO",26.001222,-80.240722,8
"632","HXD",32.2243611,-80.6974722,19
"633","HYA",41.669336,-70.280356,55
"634","HYG",55.206389,-132.828333,0
"635","HYL",55.481667,-132.646111,0
"636","HYS",38.8422,-99.2732,1998
"637","HZL",40.989167,-76.0025,1603
"638","IAB",37.621853,-97.268192,1371
"639","IAD",38.944533,-77.455811,313
"640","IAG",43.107333,-78.946194,589
"641","IAH",29.984433,-95.341442,97
"642","IAN",66.975833,-160.436667,166
"643","ICT",37.649944,-97.433056,1333
"644","ICY",59.968889,-141.661667,50
"645","IDA",43.514556,-112.07075,4744
"646","IDL",40.639751,-73.778924,13
"647","IFP",35.1574,-114.56,695
"648","IGG",59.324,-155.902,90
"649","IGM",35.2595,-113.938,3449
"650","IGQ",41.5349167,-87.5295278,620
"651","IJD",41.7440278,-72.1802222,246
"652","IKK",41.071389,-87.846278,630
"653","IKO",52.941667,-168.848889,77
"654","IKR",35.040222,-106.609194,5355
"655","IKV",41.691389,-93.566389,910
"656","ILG",39.678722,-75.606528,79
"657","ILI",59.754356,-154.910961,186
"658","ILM",34.270615,-77.902569,32
"659","ILN",39.42792,-83.792118,1077
"660","IMM",26.433889,-81.401389,37
"661","IMT",45.8183611,-88.1145556,1182
"662","IND",39.717331,-86.294383,797
"663","INJ",32.083486,-97.097228,685
"664","INK",31.779628,-103.201361,2822
"665","INL",48.566186,-93.403067,1185
"666","INS",36.587183,-115.673353,3133
"667","INT",36.133722,-80.222,969
"668","INW",35.0219167,-110.7225278,4941
"669","IOW",41.639244,-91.546503,668
"670","IPL",32.834219,-115.578744,-54
"671","IPT",41.241836,-76.921094,529
"672","IRC",65.827778,-144.076111,613
"673","IRK",40.0935,-92.5449,966
"674","ISM",28.289806,-81.437083,82
"675","ISN",48.177939,-103.642347,1982
"676","ISO",35.331389,-77.608889,94
"677","ISP",40.79525,-73.100222,99
"678","ISW",44.3606456,-89.8381412,1021
"679","ITH",42.491028,-76.458444,1099
"680","ITO",19.721375,-155.048469,38
"681","IWD",46.5274747,-90.1313967,1230
"682","IWS",29.818194,-95.672611,111
"683","IYK",35.658889,-117.829444,2455
"684","IZG",43.9911389,-70.9478889,455
"685","JAC",43.607333333,-110.73775,6451
"686","JAN",32.311167,-90.075889,346
"687","JAX",30.494056,-81.687861,30
"688","JBR",35.831708,-90.646417,262
"689","JCI",38.8309167,-94.8903056,1087
"690","JEF",38.5912,-92.1561,549
"691","JES",31.553889,-81.8825,107
"692","JFK",40.639751,-73.778925,13
"693","JGC",35.96666666,-112.13333333,2500
"694","JHM",20.962936,-156.673031,256
"695","JHW",42.153333,-79.258056,525
"696","JKA",30.2896389,-87.6717778,17
"697","JLN",37.151814,-94.498269,981
"698","JMS",46.9297,-98.6782,1498
"699","JNU",58.354972,-134.576278,21
"700","JOT",41.517778,-88.175556,582
"701","JRA",40.7545,-74.0071,7
"702","JRB",40.701214,-74.009028,7
"703","JST",40.316111,-78.833889,2284
"704","JVL",42.62025,-89.0415556,808
"705","JXN",42.260556,-84.460556,1001
"706","JYL",32.6452778,-81.5971111,188
"707","JYO",39.078,-77.558,389
"708","JZP",34.4534722,-84.4572222,1535
"709","K03",70.613378,-159.86035,35
"710","K27",42.893133,-73.66845,195
"711","K83",39.5425,-95.4677,1330
"712","KAE",56.973056,-133.945556,0
"713","KAL",64.3191,-158.741,187
"714","KBC",66.256708,-145.815319,450
"715","KBW",56.295556,-158.401398,0
"716","KCC",56.014722,-132.833889,0
"717","KCL",56.311111,-158.534167,25
"718","KCQ",56.255,-158.775278,50
"719","KEH",47.7548,-122.259,14
"720","KEK",59.356944,-157.471111,135
"721","KFP",54.8475,-163.410278,20
"722","KGK",59.726667,-157.259444,269
"723","KGX",62.894444,-160.065,99
"724","KKA",64.939444,-161.154167,154
"725","KKB",58.190833,-152.370556,0
"726","KKH",59.960833,-162.881111,30
"727","KLG",61.5363,-160.341,55
"728","KLL",59.128056,-156.858611,39
"729","KLN",57.535,-153.976667,87
"730","KLS",46.118,-122.898389,20
"731","KLW",55.579167,-133.076111,80
"732","KMO",58.990278,-159.05,51
"733","KMY",57.025556,-154.145833,0
"734","KNW",59.4499,-157.328,302
"735","KOA",19.738767,-156.045631,47
"736","KOT",63.030556,-163.532778,15
"737","KOY",57.161389,-154.229722,0
"738","KOZ",57.922876,-152.500511,55
"739","KPB",56.351944,-133.6225,0
"740","KPC",65.2537,-166.859,10
"741","KPN",59.933056,-164.030556,11
"742","KPR",58.49,-152.582222,0
"743","KPV",55.906667,-159.160833,29
"744","KPY",57.93,-153.040556,0
"745","KQA",54.1325,-165.785,0
"746","KSM",62.0605,-163.302,311
"747","KTB",55.688056,-132.536667,0
"748","KTN",55.355556,-131.71375,88
"749","KTS",65.331389,-166.465833,35
"750","KUK",60.873333,-162.524444,40
"751","KVC",55.1163,-162.266,155
"752","KVL",67.7362,-164.563,13
"753","KWK",59.876389,-163.168611,18
"754","KWN",59.755,-161.845278,42
"755","KWP",57.77,-153.548889,0
"756","KWT",60.790278,-161.443611,30
"757","KYK",57.566944,-154.450278,137
"758","KYU",64.875833,-157.730556,149
"759","KZB",57.55,-153.75,0
"760","L06",36.273,-116.515,0
"761","L35",34.2637778,-116.8560278,6725
"762","L52",35.10147222,-120.62236111,14
"763","LAA",38.069694,-102.6885,3706
"764","LAF",40.4123056,-86.9368889,606
"765","LAL",27.9889167,-82.0185556,142
"766","LAM",35.8798019,-106.2694153,7171
"767","LAN",42.7787,-84.587357,861
"768","LAR",41.3121,-105.675,7284
"769","LAS",36.080056,-115.15225,2141
"770","LAW",34.5677144,-98.4166367,1110
"771","LAX",33.942536,-118.408075,126
"772","LBB",33.663639,-101.822778,3282
"773","LBE",40.2759,-79.4048,1185
"774","LBF",41.1262,-100.684,2776
"775","LBL",37.044222,-100.95986,2885
"776","LBT",34.6098056,-79.0595556,125
"777","LCH",30.126112,-93.223335,15
"778","LCK",39.813786,-82.927822,744
"779","LCQ",30.181944,-82.576944,201
"780","LDJ",40.6174472,-74.2445942,23
"781","LEB",43.6261,-72.3042,603
"782","LEW",44.0484728,-70.2835075,288
"783","LEX",38.0365,-84.605889,979
"784","LFI",37.082881,-76.360547,11
"785","LFK",31.234014,-94.75,296
"786","LFT",30.205278,-91.987611,43
"787","LGA",40.777245,-73.872608,22
"788","LGB",33.817722,-118.151611,60
"789","LGC",33.0088611,-85.0726111,694
"790","LGU",41.791,-111.852,4457
"791","LHD",61.1866382,-149.9653918,71
"792","LHM",38.9091667,-121.3513333,121
"793","LHV",41.1357778,-77.4223056,556
"794","LHX",38.049719,-103.509431,4238
"795","LIH",21.975983,-159.338958,153
"796","LIT",34.729444,-92.224306,262
"797","LIV",65.531111,-148.541111,696
"798","LKE",47.629,-122.339,14
"799","LKK",58.96591,-155.108089,1000
"800","LKP",44.264444,-73.961944,1747
"801","LMT",42.1561,-121.733,4095
"802","LNA",26.593,-80.085056,14
"803","LNK",40.850971,-96.75925,1219
"804","LNN",41.6840278,-81.38975,626
"805","LNR",43.211667,-90.181667,718
"806","LNS",40.1217,-76.2961,403
"807","LNY",20.785611,-156.951419,1308
"808","LOT",41.606326,-88.083003,680
"809","LOU",38.228,-85.663722,546
"810","LOZ",37.0868889,-84.0773889,1212
"811","LPC",34.6656,-120.4675,88
"812","LPR",41.3442778,-82.1776389,793
"813","LPS",48.4839,-122.938,209
"814","LRD",27.54375,-99.461556,508
"815","LRF",34.916944,-92.149722,311
"816","LRO",32.5387,-79.4697,12
"817","LRU",32.289417,-106.921972,4456
"818","LSE",43.878986,-91.256711,654
"819","LSF",32.337322,-84.991283,232
"820","LSV",36.236197,-115.034253,1870
"821","LTS",34.667067,-99.266681,1382
"822","LUF",33.535,-112.38306,1085
"823","LUK",39.103333,-84.418611,483
"824","LUP",21.211,-156.974,24
"825","LUR",68.875133,-166.110022,12
"826","LVK",37.41362,-121.49133,400
"827","LVM",45.6993889,-110.4483056,4660
"828","LVS",35.654222,-105.142389,6877
"829","LWA",42.3511944,-86.2556389,666
"830","LWB",37.858333,-80.399444,2302
"831","LWC",39.009167,-95.2175,833
"832","LWM",42.7171944,-71.1234167,148
"833","LWS",46.3745,-117.015389,1442
"834","LWT",47.0493,-109.467,4170
"835","LXY",31.6411783,-96.5144594,544
"836","LYH",37.3267,-79.2004,938
"837","LYU",47.824444,-91.830833,1456
"838","LZU",33.9780761,-83.9623772,1061
"839","M94",46.4124,-119.5518,586
"840","MAE",36.9886111,-120.1124444,255
"841","MAF",31.942528,-102.201914,2871
"842","MBL",44.2725,-86.246944,621
"843","MBS",43.532913,-84.079647,668
"844","MCC",38.667639,-121.400611,75
"845","MCD",45.8649344,-84.637344,740
"846","MCE",37.284722,-120.513889,156
"847","MCF",27.849339,-82.521214,14
"848","MCG",62.9529,-155.606,338
"849","MCI",39.297606,-94.713905,1026
"850","MCK",40.206389,-100.592222,2583
"851","MCL",63.732757,-148.91129,1720
"852","MCN",32.69285,-83.649211,354
"853","MCO",28.429394,-81.308994,96
"854","MCW",43.2247,-93.4067,1243
"855","MDT",40.193494,-76.763403,310
"856","MDW",41.785972,-87.752417,620
"857","ME5",44.1653889,-68.4281667,100
"858","MEI",32.332624,-88.751868,297
"859","MEM",35.042417,-89.976667,341
"860","MER",37.380481,-120.568189,189
"861","MFD",40.8214167,-82.5166389,1297
"862","MFE",26.175833,-98.238611,107
"863","MFI",44.6368797,-90.1893267,1278
"864","MFR",42.374228,-122.8735,1335
"865","MGC",41.7033,-86.8211,500
"866","MGE",33.915382,-84.516319,1068
"867","MGJ",41.5099884,-74.2646444,364
"868","MGM",32.3006389,-86.3939722,221
"869","MGR",31.0849167,-83.80325,294
"870","MGW",39.642908,-79.916314,1248
"871","MGY",39.5889722,-84.2248611,957
"872","MHK",39.140972,-96.670833,1057
"873","MHM",63.886111,-152.301944,678
"874","MHR",38.553897,-121.297592,96
"875","MHT",42.932556,-71.435667,266
"876","MHV",35.059364,-118.151856,2791
"877","MIA",25.79325,-80.290556,8
"878","MIB",48.415572,-101.357661,1668
"879","MIC",45.0343,-93.2114,869
"880","MIE",40.2424722,-85.39575,937
"881","MIV",39.367806,-75.072222,85
"882","MKC",39.1275,-94.598889,759
"883","MKE",42.947222,-87.896583,723
"884","MKG",43.1695,-86.2382,628
"885","MKK",21.152886,-157.096256,454
"886","MKL",35.599889,-88.915611,434
"887","MKO",35.656489,-95.366656,612
"888","MLB",28.102753,-80.645258,33
"889","MLC",34.882403,-95.783463,770
"890","MLD",42.17,-112.289,4503
"891","MLI",41.448528,-90.507539,590
"892","MLJ",33.154225,-83.2414139,385
"893","MLL",61.8646418,-162.026111,103
"894","MLS",46.428,-105.886,2630
"895","MLT",45.647836,-68.685561,408
"896","MLU",32.510864,-92.037689,79
"897","MLY",64.9975,-150.644167,270
"898","MMH",37.624049,-118.837772,7128
"899","MMI",35.39919,-84.56177,874
"900","MMU",40.79935,-74.4148747,187
"901","MMV",45.194444,-123.135944,163
"902","MNM",45.12665,-87.638443,625
"903","MNT",65.143611,-149.37,460
"904","MNZ",38.721389,-77.515556,192
"905","MOB",30.691231,-88.242814,219
"906","MOD",37.625817,-120.954422,97
"907","MOT",48.259378,-101.280333,1716
"908","MOU",62.0954,-163.682,337
"909","MPB",25.7783,-80.1703,0
"910","MPI",37.3039,-120.0222,2454
"911","MPV",44.203503,-72.562328,1165
"912","MQB",40.5200833,-90.6523889,707
"913","MQI",35.5514,-75.4173,13
"914","MQT",46.353611,-87.395278,1221
"915","MRB",39.2407,-77.591,554
"916","MRI",61.213544,-149.844447,137
"917","MRK",25.9950278,-81.6725278,5
"918","MRN",35.8202336,-81.6115119,1270
"919","MRY",36.587,-121.842944,257
"920","MSL",34.7453,-87.6102,550
"921","MSN",43.139858,-89.337514,887
"922","MSO",46.916306,-114.090556,3205
"923","MSP",44.881956,-93.221767,841
"924","MSS",44.935833,-74.845547,215
"925","MSY",29.993389,-90.258028,4
"926","MTC",42.608333,-82.8355,580
"927","MTH",24.726111,-81.051389,7
"928","MTJ",38.509794,-107.894242,5759
"929","MTM",55.131111,-131.578056,0
"930","MTN",39.3256667,-76.4137778,22
"931","MUE",20.001328,-155.668108,2671
"932","MUI",40.434811,-76.569411,489
"933","MUO",43.043603,-115.872431,2996
"934","MVL",44.535,-72.614,732
"935","MVY",41.391667,-70.615278,67
"936","MWA",37.7549569,-89.0110936,472
"937","MWC",43.1103889,-88.0344167,745
"938","MWH",47.207708,-119.32019,1185
"939","MWL",32.781606,-98.060175,974
"940","MWM",43.9134017,-95.1094083,1410
"941","MXF",32.382944,-86.365778,171
"942","MXY",61.4370608,-142.90307372,1531
"943","MYF",32.4759,117.759,17
"944","MYL",44.889722,-116.101389,5021
"945","MYR",33.67975,-78.928333,25
"946","MYU",60.3714,-166.271,48
"947","MYV",39.0553,-121.3411,62
"948","MZJ",32.509722,-111.325278,1893
"949","N53",41.0358717,-75.1606789,480
"950","N69",41.5769708,-73.7323514,358
"951","N87",40.2139444,-74.6017778,118
"952","NBG",29.825333,-90.035,3
"953","NBU",42.090556,-87.8225,653
"954","NCN",60.077222,-147.991944,72
"955","NEL",40.033333,-74.353333,103
"956","NEW",30.0424167,-90.02825,7
"957","NFL",39.416584,-118.70098,3934
"958","NGF",21.450453,-157.768,24
"959","NGP",27.692701,-97.290376,18
"960","NGU",36.937644,-76.289289,15
"961","NGZ",37.7861,-122.3186,10
"962","NHK",38.285981,-76.411781,39
"963","NIB",63.010833,-154.383889,427
"964","NID",35.685422,-117.692039,2283
"965","NIP",30.235834,-81.680556,22
"966","NJK",32.829222,-115.671667,-42
"967","NKT",34.900872,-76.880733,29
"968","NKX",32.867694,-117.14175,478
"969","NLC",36.333012,-119.95208,234
"970","NLG",56.0075,-161.160278,14
"971","NME",60.471111,-164.700833,4
"972","NMM",32.552083,-88.555557,317
"973","NNL",59.966944,-154.851667,262
"974","NOW",48.141481,-123.414075,13
"975","NPA",30.352656,-87.318647,28
"976","NPZ",41.4539722,-87.0070833,770
"977","NQA",35.356667,-89.870278,320
"978","NQI",27.507223,-97.809723,50
"979","NQX",24.575834,-81.688889,6
"980","NSE",30.724167,-87.021944,199
"981","NTD",34.120285,-119.12094,13
"982","NTU",36.820703,-76.033542,22
"983","NUI",70.21,-151.005556,38
"984","NUL",64.729444,-158.074167,399
"985","NUP",60.905833,-162.439167,12
"986","NUQ",37.416142,-122.049139,32
"987","NUW",48.351803,-122.655906,47
"988","NXP",34.296161,-116.162203,2051
"989","NXX",40.199833,-75.148167,358
"990","NY9",43.9750617,-74.42044,1629
"991","NYC",40.714167,-74.005833,31
"992","NYG",38.501683,-77.305333,11
"993","NZC",30.2187,-81.8767,81
"994","NZJ",33.676132,-117.731164,383
"995","NZY",32.699219,-117.21531,26
"996","O03",40.1570414,-75.8704892,600
"997","O27",37.7563333,-120.8001944,237
"998","OAJ",34.829164,-77.612139,94
"999","OAK",37.721278,-122.220722,9
"1000","OAR",36.681878,-121.762347,134
"1001","OBE",27.265833,-80.851111,34
"1002","OBU",66.912222,-156.897222,137
"1003","OCA",25.325393,-80.274775,8
"1004","OCF",29.1725,-82.224167,89
"1005","OEB",41.9335691,-85.0522935,959
"1006","OFF",41.118332,-95.912511,1052
"1007","OGG",20.89865,-156.430458,54
"1008","OGS",44.681854,-75.4655,297
"1009","OJC",38.5051,-94.4415,1096
"1010","OKC",35.393089,-97.600733,1295
"1011","OLF",48.094444,-105.575,1986
"1012","OLH",57.218056,-153.269722,55
"1013","OLM",46.9694044,-122.9025447,209
"1014","OLS",31.417722,-110.84789,3955
"1015","OLT",32.7552,-117.1995,0
"1016","OLV",34.876944,-89.783333,350
"1017","OMA",41.303167,-95.894069,984
"1018","OME",64.512203,-165.445247,37
"1019","OMN",29.1804,-81.06497,28
"1020","ONH",42.524722,-75.064444,1763
"1021","ONP",44.580361,-124.057917,160
"1022","ONT",34.056,-117.601194,944
"1023","OOK",60.541389,-165.087222,59
"1024","OPF",25.907,-80.278389,8
"1025","OQN",39.5924,-75.3455,466
"1026","OQU",41.5971389,-71.4121389,18
"1027","ORD",41.978603,-87.904842,668
"1028","ORF",36.894611,-76.201222,26
"1029","ORH",42.2673,-71.8757,1009
"1030","ORI",57.885278,-152.846111,52
"1031","ORL",28.545464,-81.332936,113
"1032","ORT",62.961334,-141.929136,1716
"1033","ORV",66.8175,-161.022222,55
"1034","OSC",44.451558,-83.394053,634
"1035","OSH",44.024983,-88.551336,790
"1036","OSU",40.0798,-83.073,905
"1037","OTH",43.4171,-124.246,17
"1038","OTS",48.498889,-122.6625,241
"1039","OTZ",66.884678,-162.59855,11
"1040","OWB",37.7401,-87.1668,406
"1041","OWD",42.1905278,-71.1729444,49
"1042","OXC",41.4785556,-73.13525,726
"1043","OXD",39.5022607,-84.7843814,1040
"1044","OXR",34.200833,-119.207222,15
"1045","OZA",30.735281,-101.202972,2381
"1046","P08",32.9359016418457,-111.427001953125,1574
"1047","P52",34.7299995422363,-112.035003662109,3550
"1048","PAE",47.906342,-122.281564,606
"1049","PAH",37.0602875,-88.7729583,410
"1050","PAM",30.069567,-85.575417,17
"1051","PAO",37.4611111,-122.1150556,7
"1052","PAQ",61.594914,-149.088711,242
"1053","PBF",34.173142,-91.935597,206
"1054","PBG",44.650944,-73.468139,234
"1055","PBI",26.683161,-80.095589,19
"1056","PBV",56.578344,-169.661611,125
"1057","PBX",37.5617639,-82.5663889,1473
"1058","PCW",41.5162703,-82.8694868,590
"1059","PCZ",44.33325,-89.0197778,840
"1060","PDB",59.782222,-154.1325,45
"1061","PDK",33.8756111,-84.3019722,1003
"1062","PDT",45.695,-118.841389,1497
"1063","PDX",45.588722,-122.5975,30
"1064","PEC",57.955278,-136.236389,0
"1065","PEQ",31.3823889,-103.5107222,2613
"1066","PFN",30.212083,-85.682806,20
"1067","PGA",36.9261,-111.4483,4316
"1068","PGD",26.919722,-81.990556,26
"1069","PGV",35.635278,-77.385278,27
"1070","PHD",40.4701667,-81.4199444,894
"1071","PHF",37.131894,-76.492989,43
"1072","PHK",26.789,-80.692,18
"1073","PHL",39.871944,-75.241139,36
"1074","PHN",42.910957,-82.528862,650
"1075","PHO",68.3488,-166.799,12
"1076","PHX",33.434278,-112.011583,1135
"1077","PIA",40.664203,-89.693258,660
"1078","PIB",31.4671,-89.3371,298
"1079","PIE",27.910167,-82.687389,10
"1080","PIH",42.9098,-112.596,4452
"1081","PIM",32.8406944,-84.8824444,902
"1082","PIP",57.585393,-157.571944,57
"1083","PIR",44.3827,-100.286,1742
"1084","PIT",40.491467,-80.232872,1204
"1085","PIZ",69.732875,-163.005342,25
"1086","PKB",39.3451039,-81.4392031,858
"1087","PLN",45.5709,-84.7967,720
"1088","PMB",48.942501,-97.240833,795
"1089","PMD",34.629391,-118.08456,2543
"1090","PML",56.006111,-160.560833,20
"1091","PMP",26.2471389,-80.1110556,19
"1092","PNC",36.731958,-97.099781,1007
"1093","PNE",40.081944,-75.010586,121
"1094","PNM",45.559868,-93.608217,979
"1095","PNS",30.473425,-87.186611,121
"1096","POB",35.170883,-79.014472,217
"1097","POC",34.0916667,-117.7817778,1014
"1098","POE",31.044833,-93.191667,330
"1099","POF",36.77394444,-90.3248611,331
"1100","PPC",66.814167,-150.643611,1095
"1101","PPV",56.328889,-133.61,0
"1102","PQI",46.688958,-68.044797,534
"1103","PQS",61.934444,-162.899444,305
"1104","PRC",34.654472,-112.419583,5045
"1105","PRL",60.2083333,-147.8194444,142
"1106","PSC",46.2647,-119.119,410
"1107","PSG",56.801667,-132.945278,105
"1108","PSM",43.0779,-70.8233,100
"1109","PSP",33.829667,-116.506694,477
"1110","PSX",28.727508,-96.250958,14
"1111","PTA",60.208281,-154.306586,253
"1112","PTB",37.18375,-77.507388,193
"1113","PTH",56.9591,-158.633,95
"1114","PTK",42.667,-83.35,980
"1115","PTU",59.011356,-161.819664,15
"1116","PUB",38.289085,-104.496572,4726
"1117","PUC",39.609722,-110.75278,5957
"1118","PUW",46.743861,-117.109583,2556
"1119","PVC",42.071945,-70.22139,9
"1120","PVD",41.732581,-71.420383,55
"1121","PVU",40.21805555,-111.72222222,4497
"1122","PWK",42.1142897,-87.9015376,647
"1123","PWM",43.646161,-70.309281,77
"1124","PWT",47.490244,-122.764814,444
"1125","PYM",41.9090278,-70.7287778,148
"1126","PYP",34.0899167,-85.6100833,595
"1127","R49",48.7182058,-118.6564714,2522
"1128","RAC",42.7605,-87.8152,674
"1129","RAL",33.951875,-117.445103,818
"1130","RAP",44.045278,-103.057222,3204
"1131","RBD",32.680833,-96.868333,201
"1132","RBK",33.5741791,-117.1284732,1350
"1133","RBM",34.850089,-92.300153,587
"1134","RBN",24.61667,-82.86667,0
"1135","RBY",64.7272,-155.47,653
"1136","RCA",44.145042,-103.103567,3279
"1137","RCE",48.608056,-123.159722,0
"1138","RCZ",34.8913056,-79.7596111,358
"1139","RDD",40.509,-122.293389,504
"1140","RDG",40.3785,-75.9652,344
"1141","RDM",44.254066,-121.149964,3077
"1142","RDR",47.961098,-97.401194,913
"1143","RDU",35.877639,-78.787472,435
"1144","RDV",61.788056,-157.350278,174
"1145","REI",34.08525,-117.146388,1574
"1146","RFD",42.1953611,-89.0972222,742
"1147","RHI",45.6312,-89.4675,1624
"1148","RIC",37.505167,-77.319667,167
"1149","RID",39.7561006,-84.8427175,1140
"1150","RIF",38.7364361,-112.0989444,5301
"1151","RIL",39.5263056,-107.7269444,5548
"1152","RIR",33.988778,-117.409971,764
"1153","RIU",38.486778,-121.102778,141
"1154","RIV",33.880711,-117.259453,1535
"1155","RIW",43.064167,-108.459722,5525
"1156","RKD",44.0601111,-69.0992303,56
"1157","RKH",34.9878,-81.0572,667
"1158","RKP",28.0862222,-97.0436944,24
"1159","RKS",41.5942,-109.065,6760
"1160","RME",43.2338,-75.407033,504
"1161","RMG",34.3507778,-85.1586667,664
"1162","RMP",65.507778,-150.140833,302
"1163","RMY",42.2511932,-84.9554443,941
"1164","RND",29.529675,-98.2789,762
"1165","RNM",33.0391667,-116.91525,1395
"1166","RNO",39.499108,-119.768108,4415
"1167","RNT",47.4931389,-122.21575,32
"1168","ROA",37.325472,-79.975417,1175
"1169","ROC",43.118866,-77.672389,559
"1170","ROW",33.301556,-104.530556,3671
"1171","RSH",61.775,-161.319444,51
"1172","RSJ",48.645556,-122.868056,0
"1173","RST",43.908283,-92.500014,1317
"1174","RSW",26.536167,-81.755167,30
"1175","RUT",43.5294,-72.9496,787
"1176","RVS",36.0396111,-95.9846389,638
"1177","RWI",35.8563,-77.8919,159
"1178","RWL",41.8055975,-107.19994,6813
"1179","RYY",34.0131569,-84.5970556,1041
"1180","S30",44.3179,-122.5577,344
"1181","S40",46.128,-119.4773,705
"1182","S46",28.429977,-96.442859,10
"1183","SAA",41.4448594,-106.8235264,7012
"1184","SAC",38.512524,-121.49347,24
"1185","SAD",32.8533333,-109.6350833,3179
"1186","SAF",35.617108,-106.089422,6348
"1187","SAN",32.733556,-117.189667,17
"1188","SAT",29.533694,-98.469778,809
"1189","SAV",32.127583,-81.202139,51
"1190","SBA",34.426211,-119.840372,10
"1191","SBD",34.0953521,-117.2348722,1159
"1192","SBM",43.7696,-87.851402,755
"1193","SBN",41.708661,-86.31725,799
"1194","SBO",32.609139,-82.369944,327
"1195","SBP",35.2368,-120.642,212
"1196","SBS",40.51625,-106.8663056,6882
"1197","SBY",38.340525,-75.510289,52
"1198","SCC",70.19475,-148.465167,64
"1199","SCE",40.849278,-77.848694,1239
"1200","SCH",42.85245555,-73.928866666,378
"1201","SCK",37.894167,-121.238306,33
"1202","SCM",61.845278,-165.571389,14
"1203","SDC",43.2347904,-77.119444,424
"1204","SDF",38.1740858,-85.7364989,501
"1205","SDM",32.5722722,-116.9801611,526
"1206","SDP",55.315,-160.523,21
"1207","SDX",34.848628,-111.788472,4830
"1208","SDY",47.706944,-104.1925,1984
"1209","SEA",47.449,-122.309306,433
"1210","SEE",32.8262222,-116.9724444,388
"1211","SEF",27.456389,-81.342222,63
"1212","SEM",32.343947,-86.987803,166
"1213","SES",32.4404,-86.9522,131
"1214","SFB",28.777639,-81.237489,55
"1215","SFF",47.682819,-117.322558,1953
"1216","SFM",43.39383,-70.708,244
"1217","SFO",37.618972,-122.374889,13
"1218","SFZ",41.920764,-71.491381,441
"1219","SGF",37.245667,-93.388639,1268
"1220","SGH",39.8402778,-83.8401667,1051
"1221","SGJ",29.95925,-81.3397222,10
"1222","SGR",29.62225,-95.6565278,82
"1223","SGU",37.090583,-113.593056,2941
"1224","SGY",59.4601,-135.316,44
"1225","SHD",38.263889,-78.896389,1201
"1226","SHG",66.888056,-157.1625,197
"1227","SHH",66.2496,-166.089,12
"1228","SHR",44.7692,-106.98,4021
"1229","SHV",32.446629,-93.8256,258
"1230","SHX",62.692222,-159.569167,79
"1231","SIK",36.8988889,-89.56175,315
"1232","SIT",57.047138,-135.361611,21
"1233","SJC",37.3626,-121.929022,62
"1234","SJT",31.35775,-100.496306,1919
"1235","SKA",47.615058,-117.655772,2461
"1236","SKF",29.384228,-98.581108,691
"1237","SKK",64.371111,-161.223889,24
"1238","SKY",41.433361,-82.652333,580
"1239","SLC",40.788389,-111.977772,4227
"1240","SLE",44.9095,-123.003,214
"1241","SLK",44.3853,-74.2062,1663
"1242","SLN",38.791,-97.6522,1288
"1243","SLQ",61.700566,-157.165833,190
"1244","SMD",41.143353,-85.152778,834
"1245","SME",37.053611,-84.615556,927
"1246","SMF",38.695417,-121.590778,27
"1247","SMK",63.49,-162.110278,98
"1248","SMN",45.123889,-113.881389,4043
"1249","SMO",34.0158333,-118.4513056,177
"1250","SMX",34.8989,-120.457,261
"1251","SNA",33.675667,-117.868222,56
"1252","SNP",57.167333,-170.220444,63
"1253","SNY",41.10167,-102.985,4313
"1254","SOP",35.2376111,-79.3887958,455
"1255","SOW",34.265556,-110.005556,6415
"1256","SPB",45.771028,-122.861833,58
"1257","SPF",44.4811407,-103.7860053,3931
"1258","SPG",27.765111,-82.626972,7
"1259","SPI",39.8441,-89.677889,597
"1260","SPS",33.988797,-98.491894,1019
"1261","SPW",43.165527,-95.202805,1339
"1262","SPZ",39.4030278,-119.2511944,4269
"1263","SQL",37.511944,-122.249444,5
"1264","SRQ",27.395444,-82.554389,30
"1265","SRR",33.46285,-105.534751,6814
"1266","SRV",61.7875,-156.591111,230
"1267","SSC",33.972719,-80.470564,242
"1268","SSI",31.1519722,-81.3910556,19
"1269","STC",45.546556,-94.059889,1031
"1270","STE",44.5451356,-89.5302844,1110
"1271","STG",56.577222,-169.663611,125
"1272","STJ",39.771944,-94.909706,826
"1273","STK",40.6153136,-103.2648454,4040
"1274","STL",38.748697,-90.370028,618
"1275","STS",38.508978,-122.81288,125
"1276","SUA",27.1816996,-80.221294,16
"1277","SUE",44.8436667,-87.4215556,725
"1278","SUN",43.504444,-114.296194,5320
"1279","SUS",38.662119,-90.652044,463
"1280","SUU",38.262692,-121.927464,62
"1281","SUX",42.402603,-96.384367,1098
"1282","SVA",63.6864,-170.493,53
"1283","SVC",32.6365,-108.156,5446
"1284","SVH",35.7649958,-80.9538958,968
"1285","SVN",32.01,-81.145683,42
"1286","SVW",61.097369,-155.574228,1583
"1287","SWD",60.1269383,-149.4188122,22
"1288","SWF",41.504094,-74.104839,491
"1289","SXP",62.520556,-164.847778,12
"1290","SXQ",60.4749583,-151.0382389,113
"1291","SYA",52.712275,174.11362,98
"1292","SYB",58.166667,-152.5,0
"1293","SYR",43.111187,-76.106311,421
"1294","SZL",38.730306,-93.547864,870
"1295","TAL",65.179556,-152.075833,207
"1296","TAN",41.8744017,-71.0166453,43
"1297","TBN",37.741631,-92.140736,1159
"1298","TCC",35.182777,-103.603186,4065
"1299","TCL",33.220627,-87.611403,170
"1300","TCM",47.137678,-122.476475,322
"1301","TCS",33.236944,-107.27175,4853
"1302","TCT",62.971944,-156.082778,825
"1303","TEB",40.850103,-74.060837,9
"1304","TEK",60.8725,-146.691111,62
"1305","TEX",37.953759,-107.90848,9078
"1306","TIK",35.414739,-97.386633,1291
"1307","TIW",47.267944,-122.57811,294
"1308","TIX",28.5148,-80.7992278,34
"1309","TKA",62.3205,-150.093694,358
"1310","TKE",57.779722,-135.218333,0
"1311","TKF",39.3200422,-120.1395628,5900
"1312","TKI",33.1779444,-96.5905278,585
"1313","TLA",65.240278,-166.339444,294
"1314","TLH",30.396528,-84.350333,81
"1315","TLJ",62.894369,-155.976525,964
"1316","TLT",61.096944,-160.969444,30
"1317","TMA",31.4289814,-83.488545,355
"1318","TMB",25.647889,-80.432777,8
"1319","TNC",65.563056,-167.921667,269
"1320","TNK",60.575556,-165.271667,14
"1321","TNT",25.861806,-80.897,13
"1322","TNX",37.798836,-116.78075,5549
"1323","TOA",33.803392,-118.339611,101
"1324","TOC",34.5928117,-83.2963717,996
"1325","TOG",59.0528,-160.397,21
"1326","TOL",41.586806,-83.807833,684
"1327","TOP",39.068657,-95.622482,881
"1328","TPA",27.975472,-82.53325,26
"1329","TPL",31.1525,-97.407778,682
"1330","TRI",36.4752222,-82.4074167,1519
"1331","TRM",33.626666,-116.1596667,0
"1332","TSS",40.7425,-73.971944,10
"1333","TTD",45.54937,-122.401253,39
"1334","TTN",40.276692,-74.813469,213
"1335","TUL",36.198389,-95.888111,677
"1336","TUP",34.2681,-88.7699,346
"1337","TUS",32.116083,-110.941028,2643
"1338","TVC",44.741445,-85.582235,624
"1339","TVF",48.065556,-96.185,1116
"1340","TVI",30.9017921,-83.8811285,264
"1341","TVL",38.893889,-119.995278,8544
"1342","TWA",59.074444,-160.275,82
"1343","TWD",48.0314,-122.4838,108
"1344","TWF",42.481803,-114.487733,4151
"1345","TXK",33.453722,-93.991028,390
"1346","TYE",61.076667,-151.138056,110
"1347","TYR",32.354139,-95.402386,544
"1348","TYS",35.810972,-83.994028,981
"1349","TZR",39.901111,-83.136944,905
"1350","U76",43.1316111,-115.7305671,3167
"1351","UCA",43.104167,-75.223333,456
"1352","UDD",33.7484375,-116.2748133,73
"1353","UDG",34.4493845,-79.8900608,192
"1354","UES",43.0410278,-88.2370556,911
"1355","UGN",42.422161,-87.867908,727
"1356","UIN",39.9427,-91.1946,769
"1357","UMP",39.935278,-86.045,811
"1358","UNK",63.888333,-160.798889,21
"1359","UPP",20.265256,-155.859989,96
"1360","UST",29.959167,-81.339722,10
"1361","UT3",37.8916547,-110.3840289,3840
"1362","UTM",34.681,-90.3467,194
"1363","UTO",65.992794,-153.704289,1220
"1364","UUK",70.330833,-149.5975,67
"1365","UUU",41.533056,-71.282222,172
"1366","UVA",29.215429,-99.748962,942
"1367","VAD",30.967833,-83.193,233
"1368","VAK",61.5338,-165.584,75
"1369","VAY",39.9428889,-74.84575,53
"1370","VBG",34.737333,-120.584306,369
"1371","VCT",28.8526,-96.9185,115
"1372","VCV",34.597453,-117.382997,2885
"1373","VDF",28.0139772,-82.3452778,22
"1374","VDZ",61.133949,-146.248342,118
"1375","VEE",67.008611,-146.366389,574
"1376","VEL",40.440833,-109.51,5278
"1377","VGT",36.2106944,-115.1944444,2205
"1378","VIS",36.318611,-119.392778,295
"1379","VLD",30.7825,-83.2767,203
"1380","VNW",40.8638295,-84.606358,787
"1381","VNY",34.209811,-118.489972,802
"1382","VOK",43.938956,-90.253433,912
"1383","VPC",34.1231475,-84.8487067,759
"1384","VPS",30.48325,-86.5254,87
"1385","VRB",27.655556,-80.417944,24
"1386","VSF",43.343333,-72.517222,577
"1387","VYS",41.351944,-89.153056,654
"1388","W04",46.5995,-124.0854,15
"1389","W13",38.076944,-78.944167,1437
"1390","WAA",65.6225,-168.095,22
"1391","WAL",37.940194,-75.466389,40
"1392","WAS",38.889444,-77.035278,25
"1393","WBB",63.515833,-162.278056,14
"1394","WBQ",66.362222,-147.406667,359
"1395","WBU",40.039444,-105.225833,5288
"1396","WBW",41.2973074,-75.8522405,543
"1397","WDR",33.9828611,-83.6674167,943
"1398","WFB",55.344444,-131.663333,0
"1399","WFK",47.285556,-68.312778,988
"1400","WHD",55.903333,-130.006667,0
"1401","WHP",34.2593253,-118.4134331,1003
"1402","WIH",45.6576,-120.9664,1
"1403","WKK",59.2826,-158.618,66
"1404","WKL",19.9136,-155.864,109
"1405","WLK",66.6,-159.985833,17
"1406","WMO",64.689167,-163.412778,267
"1407","WRB",32.640144,-83.59185,294
"1408","WRG",56.4843,-132.37,44
"1409","WRI",40.015556,-74.591667,131
"1410","WRL",43.9657,-107.951,4227
"1411","WSD",32.341484,-106.40277,3934
"1412","WSJ",57.730278,-153.320556,0
"1413","WSN",58.702222,-157.0025,162
"1414","WST",41.349722,-71.803333,81
"1415","WSX",48.617778,-122.952778,0
"1416","WTK",67.5661,-162.975,88
"1417","WTL",60.335278,-162.666944,16
"1418","WWD",39.008507,-74.908275,23
"1419","WWP",56.116389,-133.121667,0
"1420","WWT",60.939167,-164.641111,25
"1421","WYS",44.688333,-111.1175,6644
"1422","X01",25.8488611,-81.3902778,5
"1423","X04",28.707222,-81.581667,143
"1424","X07",27.8938056,-81.6203889,127
"1425","X21",28.622552,-80.83541,30
"1426","X26",27.81325,-80.4955833,21
"1427","X39",28.221278,-82.374555,68
"1428","X49",27.9333581,-82.0439739,110
"1429","X59",27.9608611,-80.5583333,26
"1430","XFL",29.2821,-81.1212,33
"1431","XNA",36.2818694,-94.3068111,1287
"1432","XZK",42.375,-72.511389,258
"1433","Y51",43.5793603,-90.8964742,1292
"1434","Y72",43.9762222,-90.4806111,966
"1435","YAK",59.3012,-139.3937,33
"1436","YIP",42.237928,-83.530408,716
"1437","YKM",46.5682,-120.544,1095
"1438","YKN",42.8711,-97.3969,1200
"1439","YNG",41.260736,-80.679097,1196
"1440","YUM",32.656578,-114.60598,216
"1441","Z84",64.301203,-149.120144,552
"1442","ZBP",39.307222,-76.615556,66
"1443","ZFV",39.9557,-75.182,0
"1444","ZPH",28.228056,-82.155833,90
"1445","ZRA",39.3665,-74.442,8
"1446","ZRD",37.5343,-77.42945,26
"1447","ZRP",40.734722,-74.164167,0
"1448","ZRT",41.76888,-72.6815,0
"1449","ZRZ",38.948,-76.8719,39
"1450","ZSF",42.106,-72.593054,65
"1451","ZSY",33.6228889,-111.9105278,1519
"1452","ZTF",41.046937,-73.541493,0
"1453","ZTY",42.3478,-71.075,20
"1454","ZUN",35.083228,-108.791778,6454
"1455","ZVE",41.298669,-72.925992,7
"1456","ZWI",39.736667,-75.551667,0
"1457","ZWU",38.89746,-77.00643,76
"1458","ZYP",40.7505,-73.9935,35
